myndighet_kod,myndighet,kommunkoder,anlaggningar,mottagare,mottagartyp,registrator,status,verksamhetssystem,kalla,verifierat,anteckning
0126,Bygglovs- och tillsynsnämnden i Huddinge,,,miljotillsyn@huddinge.se,funktionsbrevlada,mbf@huddinge.se,sammanfattning,,https://www.huddinge.se/naringsliv-och-upphandling/tillstand-foretag/livsmedel-alkohol-och-tobak/livsmedelverksamhet/,2026-08-31,Publicerar en enstaka sammanställning som PDF utan namngivna verksamheter.
0136,Haninge kommun,0136,,haningekommun@haninge.se,funktionsbrevlada,,okand,,https://www.smohf.se/,2026-08-31,"Södertörns miljö- och hälsoskyddsförbund upplöstes 2026-06-30 och kontrollen gick till kommunerna var för sig 2026-07-01. Förbundets 1 087 anläggningar 2024 fördelade sig över Haninge, Tyresö och Nynäshamn och går inte att dela upp ur rapporten. Adressen är kommunens allmänna, miljöförvaltningens egen är inte verifierad."
0138,Tyresö kommun,0138,,kommun@tyreso.se,funktionsbrevlada,,okand,,https://www.smohf.se/,2026-08-31,"Egen kontrollmyndighet sedan 2026-07-01, se raden för Haninge. Adressen är kommunens allmänna."
0160,Södra Roslagens miljö- och hälsoskyddsnämnd,,,miljokontoret@srmh.se,funktionsbrevlada,miljokontoret@srmh.se,inget,,https://www.taby.se/kommun-och-politik/politik-och-beslut/namnder/sodra-roslagens-miljo--och-halsoskyddsnamnd,2026-08-31,"Kontoret utför även kontroll åt Norrtälje och Vallentuna, men där är kommunens egen nämnd kontrollmyndighet och begäran ska gå dit."
0181,"Miljönämnden i Södertälje, miljökontoret",,,livsmedelskontrollen@sodertalje.se,funktionsbrevlada,,inget,,https://www.sodertalje.se/miljo-och-halsa/livsmedel-och-dricksvatten/livsmedelskontroll/,2026-08-31,Ingen registratoradress för miljönämnden gick att belägga. miljokontoret@sodertalje.se är bekräftad som alternativ.
0182,Miljö- och stadsbyggnadsnämnden i Nacka,,,registrator@nacka.se,registrator,registrator@nacka.se,sammanfattning,,https://www.nacka.se/kommun--politik/kontakta-oss/,2026-08-31,"Publicerar en årlig tabell över kontrollen utan namngivna verksamheter. Miljöenheten har ingen egen publicerad brevlåda. Kontaktsidan anvisar registrator@nacka.se för begäran om allmänna handlingar, så den går före info@nacka.se."
0184,Miljö- och hälsoskyddsnämnden i Solna,,,samhallsbyggnadsforvaltningen@solna.se,funktionsbrevlada,samhallsbyggnadsforvaltningen@solna.se,inget,,https://www.solna.se/om-solna-stad/arenden-beslut-och-protokoll/anslagstavla,2026-08-31,Kontrollen utförs av samhällsbyggnadsförvaltningen. Adressen är den anslagstavlan anvisar för att begära ut handlingar.
0188,Bygg- och miljönämnden i Norrtälje,,,kontaktcenter@norrtalje.se,registrator,kontaktcenter@norrtalje.se,inget,,https://www.norrtalje.se/info/om-kommunen/kommunens-organisation/namnder-och-kontor/kontor/bygg-och-miljokontoret/,2026-08-31,"RÄTTAD 2026-08-31. Här stod miljokontoret@srmh.se, läst på vaxholm.se. SRMH är gemensam nämnd för Täby och Vaxholm och utövar i Norrtälje bara tillsyn enligt alkohol- och tobakslagen, inte livsmedelskontroll (taby.se om SRMH). Norrtälje publicerar ingen egen adress till bygg- och miljökontoret, bara kontaktcenter."
0192,Nynäshamns kommun,0192,,kontaktcenter@nynashamn.se,funktionsbrevlada,,okand,,https://www.smohf.se/,2026-08-31,"Egen kontrollmyndighet sedan 2026-07-01, se raden för Haninge. Adressen är kommunens allmänna."
0484,Räddningstjänst- och tillståndsnämnden i Eskilstuna,,,miljo@eskilstuna.se,funktionsbrevlada,info@eskilstuna.se,inget,,https://foretag.eskilstuna.se/foretag/tillstand-och-regler/mat-dryck-tobak-och-lakemedel/livsmedelsverksamhet/registrering-av-livsmedelsverksamhet,2026-08-31,"Handläggningen ligger i samhällsbyggnadsförvaltningens enhet Miljö och bygg. info@ är adressen kommunens diariesida anvisar, inte en renodlad registratoradress."
0581,"Samhällsbyggnadskontoret, Norrköpings kommun",,,miljo@norrkoping.se,funktionsbrevlada,kontakt@norrkoping.se,inget,,https://norrkoping.se/arbete-och-naringsliv/livsmedel-alkohol-tobak-med-mera/livsmedelsverksamhet,2026-08-05,"Nämnden heter byggnads- och miljöskyddsnämnden. R9 fann att en nedlagd söksida per verksamhet ligger kvar, infrastrukturen finns alltså."
0780,Miljö- och byggnämnden i Växjö,,,mbn@vaxjo.se,funktionsbrevlada,,inget,,https://www.vaxjo.se/sidor/politik-och-demokrati/organisation-och-politik/namnderna-och-deras-forvaltningar/miljo--och-byggnamnden.html,2026-08-31,
0880,Samhällsbyggnadsnämnden i Kalmar,,,sam.byggnadskontoret@kalmar.se,funktionsbrevlada,kommun@kalmar.se,inget,,https://kalmar.se/kommun-och-politik/kommunens-organisation/forvaltningar-och-bolag/samhallsbyggnadskontoret.html,2026-08-31,"Ingen sida säger ordagrant vilken nämnd som är kontrollmyndighet för livsmedel. Kommunen har även en vatten- och miljönämnd, kontrollera innan brevet skickas."
0980,"Miljö- och byggnämnden, Region Gotland",,,livsmedel@gotland.se,funktionsbrevlada,registrator-mbn@gotland.se,inget,,https://gotland.se/jobb-och-foretagande/tillstand-regler-och-tillsyn/livsmedel/servering-av-mat-och-hantering-av-livsmedel,2026-08-31,Regionen har en e-tjänst för utlämnande: https://etjanst.gotland.se/utlamnande_SBF. Skriver uttryckligen att inspektionsrapporten är offentlig handling.
1060,Miljöförbundet Blekinge Väst,,,miljokontoret@miljovast.se,funktionsbrevlada,miljokontoret@miljovast.se,inget,,https://www.miljovast.se/om-miljoforbundet/organisation.html,2026-08-31,
1214,Söderåsens miljöförbund,1214;1257;1275;1276,457,info@smfo.se,funktionsbrevlada,,inget,,https://www.smfo.se/om-miljoforbundet,2026-08-05,"Förbundet är gemensam miljöförvaltning för Klippan, Perstorp, Svalöv och Örkelljunga. Rapportens rad hade Klippan avhugget ur namnet, men anläggningstalet 457 avser alla fyra kommunerna. Ingen separat registratoradress publiceras. Skriver att kontrollrapporterna är offentliga och lämnas ut på begäran."
1270,Ystad-Österlenregionens miljöförbund,,,exp@ystadosterlenmiljo.se,funktionsbrevlada,,inget,,https://ystadosterlenmiljo.se/,2026-08-31,Rapportens rad hade namnet avhugget till Simris-hamn.
1280,"Miljöförvaltningen, Malmö stad, avdelningen för livsmedelskontroll",,,livsmedel@malmo.se,funktionsbrevlada,miljo@malmo.se,sammanfattning,,https://malmo.se/For-foretag-och-verksamheter/Forsaljning-av-livsmedel/Starta-och-driva-livsmedelsverksamhet/Livsmedelsrapporter.html,2026-08-31,Publicerar projekt- och tillsynsrapporter men inte resultat per verksamhet. Enskilda kontrollrapporter lämnas ut på begäran.
1281,"Samhällsbyggnadsförvaltningen, Lunds kommun",,,samhallsbyggnad@lund.se,funktionsbrevlada,lunds.kommun@lund.se,inget,,https://lund.se/kommun-och-politik/kommunens-organisation/forvaltningar/samhallsbyggnadsforvaltningen,2026-08-31,Miljöförvaltningen uppgick i samhällsbyggnadsförvaltningen 2025-01-01. Myndigheten är fortfarande miljönämnden.
1283,"Miljöförvaltningen, Helsingborgs stad",,,miljoforvaltningen@helsingborg.se,funktionsbrevlada,,inget,,https://foretagare.helsingborg.se/regler-tillstand-och-anmalan/for-alla-verksamheter/miljoforvaltningens-uppdrag/,2026-08-31,Kommunen anvisar e-tjänsten H512 för utlämnande av allmän handling: https://eservice.helsingborg.se/H512
1290,Miljö- och hälsoskyddsnämnden i Kristianstad,,,kommun@kristianstad.se,funktionsbrevlada,,inget,,https://www.kristianstad.se/kommunochpolitik/kommunensorganisation/forvaltningar/miljoochsamhallsbyggnadsforvaltningen.3266.html,2026-08-31,Kommunen publicerar ingen förvaltnings- eller nämndspecifik adress. Allt går via medborgarcenter.
1380,"Bygg- och miljöförvaltningen, Halmstads kommun",,,direkt@halmstad.se,funktionsbrevlada,,inget,,https://www.halmstad.se/kommunochpolitik/organisationochstyrning/forvaltningar/byggochmiljoforvaltningen.n357.html,2026-08-31,Kommunen publicerar ingen egen adress till bygg- och miljöförvaltningen. Adressen går till kontaktcenter.
1383,Miljö- och hälsoskyddsnämnden i Varberg,,,mhn@varberg.se,funktionsbrevlada,,inget,,https://varberg.se/kommun-och-politik/kommunens-organisation/forvaltningar/miljo--och-halsoskyddsforvaltningen,2026-08-31,Kommunen anvisar en e-tjänst för utlämnande: https://sjalvservice.varberg.se/allmanhandling
1384,Nämnden för Miljö & Hälsoskydd i Kungsbacka,,,byggochmiljo.registraturmh@kungsbacka.se,registrator,byggochmiljo.registraturmh@kungsbacka.se,inget,,https://kungsbacka.se/kommun-och-politik/kommunens-organisation/forvaltningar-och-namnder/forvaltningar/bygg--och-miljoforvaltningen,2026-08-31,Samma adress är både förvaltningens och registrators.
1438,Dalslands miljö- och energiförbund,,,kansli@dalsland.se,funktionsbrevlada,kansli@dalsland.se,okand,,https://www.dalsland.se/,2026-08-31,"Medlemskretsen Bengtsfors, Dals-Ed, Färgelanda och Mellerud bekräftad på förbundets egen sajt 2026-08-31. Registrets namn var avhugget av rapportens tabell."
1446,Miljösamverkan östra Skaraborg,1445;1446;1472;1496;1497;1499,1105,info@miljoskaraborg.se,funktionsbrevlada,,okand,,https://www.miljoskaraborg.se/privatperson/om-miljosamverkan/,2026-08-31,Essunga blev medlem 2026-01-01 och finns därför inte i förbundets rad i rapporten. Anläggningstalet är förbundets 1 048 plus Essungas egna 57 ur samma rapport. Nämnden heter Miljönämnden östra Skaraborg.
1480,"Miljöförvaltningen, Göteborgs Stad",,,miljoforvaltningen@miljo.goteborg.se,funktionsbrevlada,miljoforvaltningen@miljo.goteborg.se,inget,,https://goteborg.se/wps/portal?uri=gbglnk%3A2016320201920704.201637135452959,2026-08-31,Ingen egen registratoradress publiceras. Kontaktsidan anvisar förvaltningens adress för registrator.
1490,"Miljöförvaltningen, Borås Stad",,,miljo@boras.se,funktionsbrevlada,boras.stad@boras.se,inget,,https://www.boras.se/kommunochpolitik/kommunensorganisation/forvaltningar/miljoforvaltningen/miljoforvaltningensorganisation.4.3cc917c815870110c12debad.html,2026-08-31,"Publicerade tidigare inspektioner per verksamhet. Undersidorna ger nu 404 och kvarvarande sida hänvisar till förvaltningen. Färsk förändring, kontrollera igen."
1960,Västra Mälardalens Myndighetsförbund,,,arboga.kommun@arboga.se,funktionsbrevlada,arboga.kommun@arboga.se,okand,,https://www.vmmf.se/,2026-08-31,"vmmf.se anvisar Arboga kommuns brevlåda. Medlemskretsen Arboga och Kungsör står i registret men bekräftas inte av förbundets egen sajt, som inte räknar upp medlemmar. Registrets namn var avhugget."
1980,Miljö- och hälsoskyddsförvaltningen i Västerås,,,mhf@vasteras.se,funktionsbrevlada,miljo-konsumentnamnden@vasteras.se,inget,,https://www.vasteras.se/kommun-och-politik/kommunens-organisation/forvaltningar/miljo--och-halsoskyddsforvaltningen.html,2026-08-31,"En karttjänst med kontrollrapporter lanserades 2019 enligt branschpress men går inte att hitta i dag. Negativ slutsats, se R6."
2101,Västra Gästriklands samhällsbyggnadsnämnd,,,vgs@sandviken.se,funktionsbrevlada,vgs@sandviken.se,okand,,https://sandviken.se/kommunochpolitik/kommunensorganisation/forvaltningar/vastragastriklandssamhallsbyggnadsforvaltning.9407.html,2026-08-05,Hänvisar till en e-tjänst för utlämnande på minasidor.sandviken.se som inte gick att få fram exakt adress till.
2180,"Samhällsbyggnadsnämnden i Gävle, Livsmiljö Gävle",,,,okand,,inget,,https://www.gavle.se/kommun-och-politik/kommunens-organisation/sektorer/livsmiljo-gavle/,2026-08-05,Ingen funktionsbrevlåda för miljö eller livsmedel publiceras. Enda belagda adressen är den allmänna gavle.kommun@gavle.se. Adressen måste hittas innan brevet skrivs.
2281,"Miljönämnden i Sundsvall, miljökontoret",,,miljonamnden@sundsvall.se,funktionsbrevlada,miljonamnden@sundsvall.se,inget,,https://sundsvall.se/kommun/kommun-och-politik/mejla-sundsvalls-kommun---myndighetsbrevlador,2026-08-31,Kommunen skriver uttryckligen att kontrollrapporten är offentlig handling som begärs ut.
2380,Miljö- och samhällsnämnden i Östersund,,,miljoochhalsa@ostersund.se,funktionsbrevlada,kundcenter@ostersund.se,inget,,https://www.ostersund.se/kommun-och-politik/beslut-insyn-och-rattssakerhet/beslut-om-betydande-miljopaverkan.html,2026-08-31,
2480,Miljö- och hälsoskyddsnämnden i Umeå,,,miljoochhalsoskydd@umea.se,funktionsbrevlada,,inget,,https://www.umea.se/jobbochforetagande/tillstandreglerochtillsyn/livsmedel/verksamhetersomhanterarlivsmedel.4.1b4d24fb1752122eb841eb5.html,2026-08-31,"En äldre uppgift antyder att Umeå haft sökbara kontrollresultat på webben. Det gick inte att bekräfta i dag, kontrollera igen innan brevet skickas."
2580,Miljö- och byggnadsnämnden i Luleå,,,miljobygg@lulea.se,funktionsbrevlada,,inget,,https://www.lulea.se/kommun--politik/organisation/politiska-namnder/miljo--och-byggnadsnamnden.html,2026-08-31,Kommunen publicerar ingen registratoradress.
