myndighet_kod,myndighet,kommuner,kommunkoder,anlaggningar,andel_anlaggningar,invanare,status,mottagare,mottagartyp,registrator,verksamhetssystem,kalla,verifierat,anteckning
0180,Stockholm,Stockholm,0180,9456,10.2,999239,inlast,,okand,,,,,
1480,"Miljöförvaltningen, Göteborgs Stad",Göteborg,1480,5418,5.84,613278,inget,miljoforvaltningen@miljo.goteborg.se,funktionsbrevlada,miljoforvaltningen@miljo.goteborg.se,,https://goteborg.se/wps/portal?uri=gbglnk%3A2016320201920704.201637135452959,2026-08-05,Ingen egen registratoradress publiceras. Kontaktsidan anvisar förvaltningens adress för registrator.
1280,"Miljöförvaltningen, Malmö stad, avdelningen för livsmedelskontroll",Malmö,1280,3150,3.4,367924,sammanfattning,livsmedel@malmo.se,funktionsbrevlada,miljo@malmo.se,,https://malmo.se/For-foretag-och-verksamheter/Forsaljning-av-livsmedel/Starta-och-driva-livsmedelsverksamhet/Livsmedelsrapporter.html,2026-08-05,Publicerar projekt- och tillsynsrapporter men inte resultat per verksamhet. Enskilda kontrollrapporter lämnas ut på begäran.
0380,Uppsala,Uppsala,0380,1888,2.04,249726,inlast,,okand,,,,,
1283,"Miljöförvaltningen, Helsingborgs stad",Helsingborg,1283,1509,1.63,152776,inget,miljoforvaltningen@helsingborg.se,funktionsbrevlada,,,https://foretagare.helsingborg.se/regler-tillstand-och-anmalan/for-alla-verksamheter/miljoforvaltningens-uppdrag/,2026-08-05,Kommunen anvisar e-tjänsten H512 för utlämnande av allmän handling: https://eservice.helsingborg.se/H512
0680,Jönköping,Jönköping,0680,1347,1.45,148152,inlast,,okand,,,,,
0580,Linköping,Linköping,0580,1314,1.42,168714,inlast,,okand,,,,,
1880,Örebro,Örebro,1880,1302,1.4,160687,inlast,,okand,,,,,
0581,"Samhällsbyggnadskontoret, Norrköpings kommun",Norrköping,0581,1242,1.34,144904,inget,miljo@norrkoping.se,funktionsbrevlada,kontakt@norrkoping.se,,https://norrkoping.se/arbete-och-naringsliv/livsmedel-alkohol-tobak-med-mera/livsmedelsverksamhet,2026-08-05,"Nämnden heter byggnads- och miljöskyddsnämnden. R9 fann att en nedlagd söksida per verksamhet ligger kvar, infrastrukturen finns alltså."
1446,Miljösamverkan östra Skaraborg,Essunga;Karlsborg;Tibro;Skövde;Hjo;Falköping,1445;1446;1472;1496;1497;1499,1105,1.19,124320,okand,info@miljoskaraborg.se,funktionsbrevlada,,,https://www.miljoskaraborg.se/privatperson/om-miljosamverkan/,2026-08-05,Essunga blev medlem 2026-01-01 och finns därför inte i förbundets rad i rapporten. Anläggningstalet är förbundets 1 048 plus Essungas egna 57 ur samma rapport. Nämnden heter Miljönämnden östra Skaraborg.
1980,Miljö- och hälsoskyddsförvaltningen i Västerås,Västerås,1980,1094,1.18,161240,inget,mhf@vasteras.se,funktionsbrevlada,miljo-konsumentnamnden@vasteras.se,,https://www.vasteras.se/kommun-och-politik/kommunens-organisation/forvaltningar/miljo--och-halsoskyddsforvaltningen.html,2026-08-05,"En karttjänst med kontrollrapporter lanserades 2019 enligt branschpress men går inte att hitta i dag. Negativ slutsats, se R6."
1380,"Bygg- och miljöförvaltningen, Halmstads kommun",Halmstad,1380,1066,1.15,106315,inget,direkt@halmstad.se,funktionsbrevlada,,,https://www.halmstad.se/kommunochpolitik/organisationochstyrning/forvaltningar/byggochmiljoforvaltningen.n357.html,2026-08-05,Kommunen publicerar ingen egen adress till bygg- och miljöförvaltningen. Adressen går till kontaktcenter.
1281,"Samhällsbyggnadsförvaltningen, Lunds kommun",Lund,1281,1051,1.13,132333,inget,samhallsbyggnad@lund.se,funktionsbrevlada,lunds.kommun@lund.se,,https://lund.se/kommun-och-politik/kommunens-organisation/forvaltningar/samhallsbyggnadsforvaltningen,2026-08-05,Miljöförvaltningen uppgick i samhällsbyggnadsförvaltningen 2025-01-01. Myndigheten är fortfarande miljönämnden.
0980,"Miljö- och byggnämnden, Region Gotland",Gotland,0980,970,1.05,60852,inget,livsmedel@gotland.se,funktionsbrevlada,registrator-mbn@gotland.se,,https://gotland.se/jobb-och-foretagande/tillstand-regler-och-tillsyn/livsmedel/servering-av-mat-och-hantering-av-livsmedel,2026-08-05,Regionen har en e-tjänst för utlämnande: https://etjanst.gotland.se/utlamnande_SBF. Skriver uttryckligen att inspektionsrapporten är offentlig handling.
2480,Miljö- och hälsoskyddsnämnden i Umeå,Umeå,2480,969,1.04,135273,inget,miljoochhalsoskydd@umea.se,funktionsbrevlada,,,https://www.umea.se/jobbochforetagande/tillstandreglerochtillsyn/livsmedel/verksamhetersomhanterarlivsmedel.4.1b4d24fb1752122eb841eb5.html,2026-08-05,"En äldre uppgift antyder att Umeå haft sökbara kontrollresultat på webben. Det gick inte att bekräfta i dag, kontrollera igen innan brevet skickas."
1490,"Miljöförvaltningen, Borås Stad",Borås,1490,931,1.0,115238,inget,miljo@boras.se,funktionsbrevlada,boras.stad@boras.se,,https://www.boras.se/kommunochpolitik/kommunensorganisation/forvaltningar/miljoforvaltningen/miljoforvaltningensorganisation.4.3cc917c815870110c12debad.html,2026-08-05,"Publicerade tidigare inspektioner per verksamhet. Undersidorna ger nu 404 och kvarvarande sida hänvisar till förvaltningen. Färsk förändring, kontrollera igen."
0484,Räddningstjänst- och tillståndsnämnden i Eskilstuna,Eskilstuna,0484,914,0.99,106789,inget,miljo@eskilstuna.se,funktionsbrevlada,info@eskilstuna.se,,https://foretag.eskilstuna.se/foretag/tillstand-och-regler/mat-dryck-tobak-och-lakemedel/livsmedelsverksamhet/registrering-av-livsmedelsverksamhet,2026-08-05,"Handläggningen ligger i samhällsbyggnadsförvaltningens enhet Miljö och bygg. info@ är adressen kommunens diariesida anvisar, inte en renodlad registratoradress."
0181,"Miljönämnden i Södertälje, miljökontoret",Södertälje,0181,861,0.93,102772,inget,livsmedelskontrollen@sodertalje.se,funktionsbrevlada,,,https://www.sodertalje.se/miljo-och-halsa/livsmedel-och-dricksvatten/livsmedelskontroll/,2026-08-05,Ingen registratoradress för miljönämnden gick att belägga. miljokontoret@sodertalje.se är bekräftad som alternativ.
2180,"Samhällsbyggnadsnämnden i Gävle, Livsmiljö Gävle",Gävle,2180,858,0.93,104108,inget,,okand,,,https://www.gavle.se/kommun-och-politik/kommunens-organisation/sektorer/livsmiljo-gavle/,2026-08-05,Ingen funktionsbrevlåda för miljö eller livsmedel publiceras. Enda belagda adressen är den allmänna gavle.kommun@gavle.se. Adressen måste hittas innan brevet skrivs.
1290,Miljö- och hälsoskyddsnämnden i Kristianstad,Kristianstad,1290,829,0.89,85908,inget,kommun@kristianstad.se,funktionsbrevlada,,,https://www.kristianstad.se/kommunochpolitik/kommunensorganisation/forvaltningar/miljoochsamhallsbyggnadsforvaltningen.3266.html,2026-08-05,Kommunen publicerar ingen förvaltnings- eller nämndspecifik adress. Allt går via medborgarcenter.
0184,Miljö- och hälsoskyddsnämnden i Solna,Solna,0184,810,0.87,86435,inget,samhallsbyggnadsforvaltningen@solna.se,funktionsbrevlada,samhallsbyggnadsforvaltningen@solna.se,,https://www.solna.se/om-solna-stad/arenden-beslut-och-protokoll/anslagstavla,2026-08-05,Kontrollen utförs av samhällsbyggnadsförvaltningen. Adressen är den anslagstavlan anvisar för att begära ut handlingar.
2281,"Miljönämnden i Sundsvall, miljökontoret",Sundsvall,2281,798,0.86,98962,inget,miljonamnden@sundsvall.se,funktionsbrevlada,miljonamnden@sundsvall.se,,https://sundsvall.se/kommun/kommun-och-politik/mejla-sundsvalls-kommun---myndighetsbrevlador,2026-08-05,Kommunen skriver uttryckligen att kontrollrapporten är offentlig handling som begärs ut.
1270,Ystad-Österlenregionens miljöförbund,Tomelilla;Ystad;Simrishamn,1270;1286;1291,785,0.85,64636,inget,exp@ystadosterlenmiljo.se,funktionsbrevlada,,,https://ystadosterlenmiljo.se/,2026-08-05,Rapportens rad hade namnet avhugget till Simris-hamn.
0780,Miljö- och byggnämnden i Växjö,Växjö,0780,747,0.81,98940,inget,mbn@vaxjo.se,funktionsbrevlada,,,https://www.vaxjo.se/sidor/politik-och-demokrati/organisation-och-politik/namnderna-och-deras-forvaltningar/miljo--och-byggnamnden.html,2026-08-05,
1780,Karlstad,Karlstad,1780,714,0.77,99007,inlast,,okand,,,,,
0188,Bygg- och miljönämnden i Norrtälje,Norrtälje,0188,713,0.77,66832,inget,miljokontoret@srmh.se,funktionsbrevlada,,,https://www.vaxholm.se/bygga-bo--miljo/livsmedel-och-halsa,2026-08-05,"Kontrollen utförs av Södra Roslagens miljö- och hälsoskyddskontor, men kontrollmyndighet är Norrtäljes egen nämnd. Adressen är bekräftad på en medlemskommuns sajt, inte på norrtalje.se."
1383,Miljö- och hälsoskyddsnämnden i Varberg,Varberg,1383,700,0.75,69460,inget,mhn@varberg.se,funktionsbrevlada,,,https://varberg.se/kommun-och-politik/kommunens-organisation/forvaltningar/miljo--och-halsoskyddsforvaltningen,2026-08-05,Kommunen anvisar en e-tjänst för utlämnande: https://sjalvservice.varberg.se/allmanhandling
0880,Samhällsbyggnadsnämnden i Kalmar,Kalmar,0880,697,0.75,73068,inget,sam.byggnadskontoret@kalmar.se,funktionsbrevlada,kommun@kalmar.se,,https://kalmar.se/kommun-och-politik/kommunens-organisation/forvaltningar-och-bolag/samhallsbyggnadskontoret.html,2026-08-05,"Ingen sida säger ordagrant vilken nämnd som är kontrollmyndighet för livsmedel. Kommunen har även en vatten- och miljönämnd, kontrollera innan brevet skickas."
0126,Bygglovs- och tillsynsnämnden i Huddinge,Huddinge,0126,696,0.75,114686,sammanfattning,miljotillsyn@huddinge.se,funktionsbrevlada,mbf@huddinge.se,,https://www.huddinge.se/naringsliv-och-upphandling/tillstand-foretag/livsmedel-alkohol-och-tobak/livsmedelverksamhet/,2026-08-05,Publicerar en enstaka sammanställning som PDF utan namngivna verksamheter.
0182,Miljö- och stadsbyggnadsnämnden i Nacka,Nacka,0182,672,0.72,113730,sammanfattning,info@nacka.se,funktionsbrevlada,registrator@nacka.se,,https://www.nacka.se/naringsliv-foretag/tillstandsguiden/alla-tillstand/livsmedelskontroll-i-nacka/resultat-av-livsmedelskontrollen-i-nacka/,2026-08-05,"Publicerar en årlig tabell över kontrollen utan namngivna verksamheter. Miljöenheten har ingen egen publicerad brevlåda, adressen är kommunens allmänna."
2482,Skellefteå,Skellefteå,2482,659,0.71,75405,okand,,okand,,,,,
1384,Nämnden för Miljö & Hälsoskydd i Kungsbacka,Kungsbacka,1384,641,0.69,86332,inget,byggochmiljo.registraturmh@kungsbacka.se,registrator,byggochmiljo.registraturmh@kungsbacka.se,,https://kungsbacka.se/kommun-och-politik/kommunens-organisation/forvaltningar-och-namnder/forvaltningar/bygg--och-miljoforvaltningen,2026-08-05,Samma adress är både förvaltningens och registrators.
0160,Södra Roslagens miljö- och hälsoskyddsnämnd,Täby;Vaxholm,0160;0187,632,0.68,90150,inget,miljokontoret@srmh.se,funktionsbrevlada,miljokontoret@srmh.se,,https://www.taby.se/kommun-och-politik/politik-och-beslut/namnder/sodra-roslagens-miljo--och-halsoskyddsnamnd,2026-08-05,"Kontoret utför även kontroll åt Norrtälje och Vallentuna, men där är kommunens egen nämnd kontrollmyndighet och begäran ska gå dit."
1060,Miljöförbundet Blekinge Väst,Olofström;Karlshamn;Sölvesborg,1060;1082;1083,622,0.67,61891,inget,miljokontoret@miljovast.se,funktionsbrevlada,miljokontoret@miljovast.se,,https://www.miljovast.se/om-miljoforbundet/organisation.html,2026-08-05,
2580,Miljö- och byggnadsnämnden i Luleå,Luleå,2580,601,0.65,80304,inget,miljobygg@lulea.se,funktionsbrevlada,,,https://www.lulea.se/kommun--politik/organisation/politiska-namnder/miljo--och-byggnadsnamnden.html,2026-08-05,Kommunen publicerar ingen registratoradress.
0480,Nyköping,Nyköping,0480,584,0.63,58310,okand,,okand,,,,,
2380,Miljö- och samhällsnämnden i Östersund,Östersund,2380,582,0.63,64963,inget,miljoochhalsa@ostersund.se,funktionsbrevlada,kundcenter@ostersund.se,,https://www.ostersund.se/kommun-och-politik/beslut-insyn-och-rattssakerhet/beslut-om-betydande-miljopaverkan.html,2026-08-05,
1080,Karlskrona,Karlskrona,1080,581,0.63,66021,okand,,okand,,,,,
1485,Uddevalla,Uddevalla,1485,560,0.6,56744,okand,,okand,,,,,
1293,Hässleholm,Hässleholm,1293,523,0.56,51915,okand,,okand,,,,,
1863,Samhällsbyggnadsnämnden Bergslagen Hällefors Ljusnarsberg Nora Lindesberg,Hällefors;Ljusnarsberg;Nora;Lindesberg,1863;1864;1884;1885,518,0.56,44176,okand,,okand,,,,,
2132,Norrhälsinglands miljö-och räddningsnämnd Nordanstig Hudiksvall,Nordanstig;Hudiksvall,2132;2184,512,0.55,46625,okand,,okand,,,,,
0127,Botkyrka,Botkyrka,0127,500,0.54,96750,okand,,okand,,,,,
0163,Sollentuna,Sollentuna,0163,500,0.54,78033,okand,,okand,,,,,
1382,Falkenberg,Falkenberg,1382,500,0.54,47321,okand,,okand,,,,,
0191,Sigtuna,Sigtuna,0191,496,0.53,53365,okand,,okand,,,,,
2101,Västra Gästriklands samhällsbyggnadsnämnd,Ockelbo;Hofors;Sandviken,2101;2104;2181,491,0.53,52886,okand,vgs@sandviken.se,funktionsbrevlada,vgs@sandviken.se,,https://sandviken.se/kommunochpolitik/kommunensorganisation/forvaltningar/vastragastriklandssamhallsbyggnadsforvaltning.9407.html,2026-08-05,Hänvisar till en e-tjänst för utlämnande på minasidor.sandviken.se som inte gick att få fram exakt adress till.
2284,Örnsköldsvik,Örnsköldsvik,2284,481,0.52,55338,okand,,okand,,,,,
0123,Järfälla,Järfälla,0123,479,0.52,90180,okand,,okand,,,,,
2080,Falun,Falun,2080,470,0.51,59974,okand,,okand,,,,,
1214,Söderåsens miljöförbund,Svalöv;Örkelljunga;Perstorp;Klippan,1214;1257;1275;1276,457,0.49,49595,inget,info@smfo.se,funktionsbrevlada,,,https://www.smfo.se/om-miljoforbundet,2026-08-05,"Förbundet är gemensam miljöförvaltning för Klippan, Perstorp, Svalöv och Örkelljunga. Rapportens rad hade Klippan avhugget ur namnet, men anläggningstalet 457 avser alla fyra kommunerna. Ingen separat registratoradress publiceras. Skriver att kontrollrapporterna är offentliga och lämnas ut på begäran."
1481,Mölndal,Mölndal,1481,451,0.49,72128,okand,,okand,,,,,
1292,Ängelholm,Ängelholm,1292,440,0.47,45159,okand,,okand,,,,,
1488,Trollhättan,Trollhättan,1488,430,0.46,59265,okand,,okand,,,,,
2326,Berg och Härjedalens miljö-och byggnämnd,Berg;Härjedalen,2326;2361,430,0.46,17202,okand,,okand,,,,,
1282,Landskrona,Landskrona,1282,429,0.46,47571,okand,,okand,,,,,
0509,Mjölby-Boxholm-Ödeshög,Ödeshög;Boxholm;Mjölby,0509;0560;0586,427,0.46,39495,okand,,okand,,,,,
2081,Borlänge,Borlänge,2081,423,0.46,51354,okand,,okand,,,,,
1482,Kungälv,Kungälv,1482,419,0.45,50496,okand,,okand,,,,,
1447,Miljö-och byggnadsnämnden Mariestad Töreboda Gullspång,Gullspång;Töreboda;Mariestad,1447;1473;1493,403,0.43,38463,okand,,okand,,,,,
0381,Enköping,Enköping,0381,402,0.43,48804,okand,,okand,,,,,
1494,Lidköping,Lidköping,1494,392,0.42,40359,okand,,okand,,,,,
1438,Dalslands miljö-och energiförbund Bengtsfors Dals-Ed Färgelanda Mellerud,Dals-Ed;Färgelanda;Bengtsfors;Mellerud,1438;1439;1460;1461,386,0.42,28852,okand,,okand,,,,,
1962,byggnadsnämnd Norberg Fagersta Avesta,Norberg;Fagersta;Avesta,1962;1982;2084,382,0.41,40632,okand,,okand,,,,,
0120,Värmdö,Värmdö,0120,378,0.41,46601,okand,,okand,,,,,
1489,Alingsås,Alingsås,1489,376,0.41,42861,okand,,okand,,,,,
0583,Motala,Motala,0583,375,0.4,43131,okand,,okand,,,,,
0883,Västervik,Västervik,0883,369,0.4,36269,okand,,okand,,,,,
2581,Piteå,Piteå,2581,367,0.4,42184,okand,,okand,,,,,
0885,Borgholm,Borgholm,0885,353,0.38,10626,inlast,,okand,,,,,
0183,Sundbyberg,Sundbyberg,0183,343,0.37,57000,okand,,okand,,,,,
1287,Trelleborg,Trelleborg,1287,340,0.37,47405,okand,,okand,,,,,
0662,Gislaved Tranemo bygg-och miljönämnd,Gislaved;Tranemo,0662;1452,331,0.36,40514,okand,,okand,,,,,
0117,Österåker,Österåker,0117,328,0.35,49943,okand,,okand,,,,,
2034,Mora-Orsa miljönämnd,Orsa;Mora,2034;2062,320,0.35,27321,okand,,okand,,,,,
0114,Upplands Väsby,Upplands Väsby,0114,313,0.34,50495,okand,,okand,,,,,
1487,Vänersborg,Vänersborg,1487,312,0.34,40078,okand,,okand,,,,,
0683,Värnamo,Värnamo,0683,311,0.34,34534,okand,,okand,,,,,
1284,Höganäs,Höganäs,1284,310,0.33,28489,inlast,,okand,,,,,
0860,Hultsfred-Vimmerby miljö-och byggnadsnämnd,Hultsfred;Vimmerby,0860;0884,305,0.33,28811,okand,,okand,,,,,
2321,Åre,Åre,2321,305,0.33,12770,okand,,okand,,,,,
1463,Mark,Mark,1463,304,0.33,35134,okand,,okand,,,,,
1441,Lerum,Lerum,1441,300,0.32,43752,okand,,okand,,,,,
0186,Lidingö,Lidingö,0186,299,0.32,48369,okand,,okand,,,,,
1381,Laholm,Laholm,1381,288,0.31,26565,okand,,okand,,,,,
1486,Strömstad,Strömstad,1486,287,0.31,13557,okand,,okand,,,,,
0486,Strängnäs,Strängnäs,0486,286,0.31,39387,okand,,okand,,,,,
0483,Katrineholm,Katrineholm,0483,282,0.3,33984,okand,,okand,,,,,
0781,Ljungby,Ljungby,0781,277,0.3,28132,okand,,okand,,,,,
0882,Oskarshamn,Oskarshamn,0882,273,0.29,26762,inlast,,okand,,,,,
1233,Vellinge,Vellinge,1233,271,0.29,37833,okand,,okand,,,,,
1814,Sydnärkes miljönämnd Askersund Laxå Lekeberg,Lekeberg;Laxå;Askersund,1814;1860;1882,271,0.29,25387,okand,,okand,,,,,
1401,Härryda,Härryda,1401,270,0.29,40011,okand,,okand,,,,,
2282,Kramfors,Kramfors,2282,269,0.29,17390,okand,,okand,,,,,
0685,Vetlanda,Vetlanda,0685,268,0.29,27313,okand,,okand,,,,,
2182,Söderhamn,Söderhamn,2182,267,0.29,24163,okand,,okand,,,,,
0162,Danderyd,Danderyd,0162,263,0.28,32500,okand,,okand,,,,,
1760,Karlskoga-Storfors myndighetsnämnd,Storfors;Karlskoga,1760;1883,263,0.28,33905,okand,,okand,,,,,
2183,Bollnäs,Bollnäs,2183,251,0.27,26018,okand,,okand,,,,,
2023,Malung-Sälen,Malung-Sälen,2023,250,0.27,10192,okand,,okand,,,,,
1285,Eslöv,Eslöv,1285,247,0.27,35126,okand,,okand,,,,,
0382,Östhammar,Östhammar,0382,246,0.27,22181,okand,,okand,,,,,
1081,Ronneby,Ronneby,1081,244,0.26,28708,okand,,okand,,,,,
1402,Partille,Partille,1402,242,0.26,41164,okand,,okand,,,,,
1983,Köping,Köping,1983,240,0.26,25610,okand,,okand,,,,,
2029,Leksand,Leksand,2029,240,0.26,16167,okand,,okand,,,,,
1960,Västra Mälardalens Myndighetsförbund Arboga Kungsör,Kungsör;Arboga,1960;1984,239,0.26,22479,okand,,okand,,,,,
2161,Ljusdal,Ljusdal,2161,236,0.25,18377,okand,,okand,,,,,
1435,Tanum,Tanum,1435,234,0.25,12677,okand,,okand,,,,,
1781,Kristinehamn,Kristinehamn,1781,234,0.25,23590,inlast,,okand,,,,,
1261,Kävlinge,Kävlinge,1261,229,0.25,32655,okand,,okand,,,,,
2085,Ludvika,Ludvika,2085,229,0.25,26812,okand,,okand,,,,,
1495,Skara,Skara,1495,228,0.25,18753,okand,,okand,,,,,
2584,Kiruna,Kiruna,2584,227,0.24,22402,okand,,okand,,,,,
0682,Nässjö,Nässjö,0682,225,0.24,31474,okand,,okand,,,,,
1981,Sala,Sala,1981,223,0.24,22600,okand,,okand,,,,,
1278,Båstad,Båstad,1278,220,0.24,16046,okand,,okand,,,,,
0840,Mörbylånga,Mörbylånga,0840,218,0.24,16306,okand,,okand,,,,,
2582,Boden,Boden,2582,218,0.24,28624,okand,,okand,,,,,
1415,Stenungsund,Stenungsund,1415,217,0.23,27854,okand,,okand,,,,,
2283,Sollefteå,Sollefteå,2283,216,0.23,18138,okand,,okand,,,,,
2280,Härnösand,Härnösand,2280,214,0.23,24348,okand,,okand,,,,,
0360,Tierp,Tierp,0360,209,0.23,21028,okand,,okand,,,,,
1784,Arvika,Arvika,1784,209,0.23,25408,okand,,okand,,,,,
1440,Ale,Ale,1440,208,0.22,32620,okand,,okand,,,,,
0642,Habo-Mullsjö miljönämnd,Mullsjö;Habo,0642;0643,201,0.22,21057,okand,,okand,,,,,
1484,Lysekil,Lysekil,1484,198,0.21,13796,okand,,okand,,,,,
1491,Ulricehamn,Ulricehamn,1491,193,0.21,24954,okand,,okand,,,,,
0482,Flen,Flen,0482,192,0.21,15095,okand,,okand,,,,,
1421,Orust,Orust,1421,191,0.21,15363,okand,,okand,,,,,
1881,Kumla,Kumla,1881,190,0.2,22665,okand,,okand,,,,,
2313,Strömsund,Strömsund,2313,190,0.2,10904,okand,,okand,,,,,
0139,Upplands Bro,Upplands-Bro,0139,187,0.2,33333,okand,,okand,,,,,
1264,Skurup,Skurup,1264,187,0.2,17139,okand,,okand,,,,,
1427,Sotenäs,Sotenäs,1427,186,0.2,9036,okand,,okand,,,,,
2260,Bräcke-Ånge bygg-och miljönämnd,Ånge;Bräcke,2260;2305,184,0.2,14950,okand,,okand,,,,,
1861,Hallsberg,Hallsberg,1861,183,0.2,16082,okand,,okand,,,,,
0115,Vallentuna,Vallentuna,0115,182,0.2,35361,okand,,okand,,,,,
0125,Ekerö,Ekerö,0125,182,0.2,29062,okand,,okand,,,,,
0764,Alvesta,Alvesta,0764,180,0.19,19687,okand,,okand,,,,,
2481,Lycksele,Lycksele,2481,178,0.19,12159,okand,,okand,,,,,
0763,Tingsryd,Tingsryd,0763,176,0.19,11896,okand,,okand,,,,,
0881,Nybro,Nybro,0881,175,0.19,19803,okand,,okand,,,,,
0582,Söderköping,Söderköping,0582,173,0.19,14741,okand,,okand,,,,,
1231,Burlöv,Burlöv,1231,172,0.19,20444,okand,,okand,,,,,
2309,Krokom,Krokom,2309,172,0.19,15795,okand,,okand,,,,,
0686,Eksjö,Eksjö,0686,169,0.18,17660,okand,,okand,,,,,
1419,Tjörn,Tjörn,1419,166,0.18,16003,okand,,okand,,,,,
1230,Staffanstorp,Staffanstorp,1230,162,0.17,27482,okand,,okand,,,,,
2523,Gällivare,Gällivare,2523,162,0.17,17135,okand,,okand,,,,,
1267,Höör,Höör,1267,161,0.17,17680,okand,,okand,,,,,
2031,Rättvik,Rättvik,2031,159,0.17,10978,okand,,okand,,,,,
1262,Lomma,Lomma,1262,158,0.17,24677,inlast,,okand,,,,,
1265,Sjöbo,Sjöbo,1265,158,0.17,19397,okand,,okand,,,,,
0330,Knivsta,Knivsta,0330,157,0.17,21733,okand,,okand,,,,,
1256,Östra Göinge,Östra Göinge,1256,154,0.17,13718,okand,,okand,,,,,
1470,Vara,Vara,1470,154,0.17,16011,okand,,okand,,,,,
0765,Älmhult,Älmhult,0765,153,0.16,17579,okand,,okand,,,,,
0305,Håbo,Håbo,0305,152,0.16,23252,okand,,okand,,,,,
1730,Eda,Eda,1730,152,0.16,8289,okand,,okand,,,,,
0488,Trosa,Trosa,0488,151,0.16,14900,okand,,okand,,,,,
0562,Finspång,Finspång,0562,151,0.16,21502,okand,,okand,,,,,
1263,Svedala,Svedala,1263,149,0.16,23714,okand,,okand,,,,,
1492,Åmål,Åmål,1492,149,0.16,11679,okand,,okand,,,,,
0687,Tranås,Tranås,0687,148,0.16,18555,okand,,okand,,,,,
2083,Hedemora,Hedemora,2083,148,0.16,15025,okand,,okand,,,,,
2514,Kalix,Kalix,2514,147,0.16,15252,okand,,okand,,,,,
1737,Torsby,Torsby,1737,146,0.16,11278,okand,,okand,,,,,
1266,Hörby,Hörby,1266,144,0.16,15559,okand,,okand,,,,,
1277,Åstorp,Åstorp,1277,143,0.15,16491,okand,,okand,,,,,
0331,Heby,Heby,0331,140,0.15,14275,okand,,okand,,,,,
1766,Sunne,Sunne,1766,139,0.15,13354,okand,,okand,,,,,
0665,Vaggeryd,Vaggeryd,0665,136,0.15,14943,okand,,okand,,,,,
1471,Götene,Götene,1471,136,0.15,13223,okand,,okand,,,,,
1765,Årjäng,Årjäng,1765,136,0.15,9734,okand,,okand,,,,,
2039,Älvdalen,Älvdalen,2039,136,0.15,6831,okand,,okand,,,,,
1785,Säffle,Säffle,1785,134,0.14,14756,okand,,okand,,,,,
1315,Hylte,Hylte,1315,128,0.14,10094,okand,,okand,,,,,
1783,Hagfors,Hagfors,1783,124,0.13,11324,okand,,okand,,,,,
2262,Timrå,Timrå,2262,123,0.13,17465,okand,,okand,,,,,
0861,Mönsterås,Mönsterås,0861,122,0.13,12978,okand,,okand,,,,,
1761,Hammarö,Hammarö,1761,122,0.13,16932,okand,,okand,,,,,
1273,Osby,Osby,1273,119,0.13,12861,okand,,okand,,,,,
0767,Markaryd,Markaryd,0767,118,0.13,9862,okand,,okand,,,,,
0563,Valdemarsvik,Valdemarsvik,0563,116,0.13,7526,okand,,okand,,,,,
0584,Vadstena,Vadstena,0584,113,0.12,7484,okand,,okand,,,,,
0684,Sävsjö,Sävsjö,0684,113,0.12,11531,okand,,okand,,,,,
1782,Filipstad,Filipstad,1782,113,0.12,9625,okand,,okand,,,,,
0561,Åtvidaberg,Åtvidaberg,0561,112,0.12,11490,okand,,okand,,,,,
2121,Ovanåker,Ovanåker,2121,112,0.12,11272,okand,,okand,,,,,
1762,Miljö-och byggnämnden för Forshaga och Munkfors,Munkfors;Forshaga,1762;1763,111,0.12,15076,okand,,okand,,,,,
1465,Svenljunga,Svenljunga,1465,110,0.12,10616,inlast,,okand,,,,,
2462,Vilhelmina,Vilhelmina,2462,109,0.12,6172,okand,,okand,,,,,
0513,Kinda,Kinda,0513,108,0.12,9924,okand,,okand,,,,,
0461,Gnesta,Gnesta,0461,107,0.12,11343,okand,,okand,,,,,
1260,Bjuv,Bjuv,1260,107,0.12,16052,okand,,okand,,,,,
1961,Hallstahammar,Hallstahammar,1961,106,0.11,16600,okand,,okand,,,,,
1498,Tidaholm,Tidaholm,1498,105,0.11,12736,okand,,okand,,,,,
1442,Vårgårda,Vårgårda,1442,104,0.11,12472,okand,,okand,,,,,
2417,Malå-Norsjö miljö-och byggnämnd,Norsjö;Malå,2417;2418,104,0.11,6713,okand,,okand,,,,,
2505,Arvidsjaur,Arvidsjaur,2505,104,0.11,6026,okand,,okand,,,,,
0428,Vingåker,Vingåker,0428,103,0.11,8666,okand,,okand,,,,,
2082,Säter,Säter,2082,103,0.11,11222,okand,,okand,,,,,
1407,Öckerö,Öckerö,1407,102,0.11,12863,okand,,okand,,,,,
0761,Lessebo,Lessebo,0761,97,0.1,8115,okand,,okand,,,,,
0862,Emmaboda,Emmaboda,0862,97,0.1,8807,okand,,okand,,,,,
1715,Kil,Kil,1715,97,0.1,12024,okand,,okand,,,,,
2560,Älvsbyn,Älvsbyn,2560,95,0.1,7815,okand,,okand,,,,,
0481,Oxelösund,Oxelösund,0481,93,0.1,11962,okand,,okand,,,,,
2021,Vansbro,Vansbro,2021,91,0.1,6741,okand,,okand,,,,,
2421,Storuman,Storuman,2421,91,0.1,5543,okand,,okand,,,,,
1462,Lilla Edet,Lilla Edet,1462,90,0.1,14398,okand,,okand,,,,,
0617,Gnosjö,Gnosjö,0617,88,0.09,9010,okand,,okand,,,,,
0760,Uppvidinge,Uppvidinge,0760,88,0.09,8911,okand,,okand,,,,,
1430,Munkedal,Munkedal,1430,87,0.09,10272,okand,,okand,,,,,
2510,Jokkmokk,Jokkmokk,2510,87,0.09,4695,okand,,okand,,,,,
2460,Vännäs,Vännäs,2460,86,0.09,9225,okand,,okand,,,,,
1272,Bromölla,Bromölla,1272,83,0.09,12497,okand,,okand,,,,,
2026,Gagnef,Gagnef,2026,83,0.09,10307,okand,,okand,,,,,
2061,Smedjebacken,Smedjebacken,2061,82,0.09,10758,okand,,okand,,,,,
0128,Salem,Salem,0128,81,0.09,17370,okand,,okand,,,,,
2583,Haparanda,Haparanda,2583,76,0.08,9027,okand,,okand,,,,,
1764,Grums,Grums,1764,74,0.08,8854,okand,,okand,,,,,
2404,Vindeln,Vindeln,2404,74,0.08,5421,okand,,okand,,,,,
2506,Arjeplog,Arjeplog,2506,74,0.08,2570,okand,,okand,,,,,
2401,Nordmaling,Nordmaling,2401,73,0.08,6905,okand,,okand,,,,,
2521,Pajala,Pajala,2521,73,0.08,5706,okand,,okand,,,,,
0319,Älvkarleby,Älvkarleby,0319,72,0.08,9573,okand,,okand,,,,,
0604,Aneby,Aneby,0604,71,0.08,6851,okand,,okand,,,,,
1466,Herrljunga,Herrljunga,1466,71,0.08,9509,okand,,okand,,,,,
1907,Surahammar,Surahammar,1907,70,0.08,9733,okand,,okand,,,,,
2303,Ragunda,Ragunda,2303,67,0.07,5152,okand,,okand,,,,,
2518,Övertorneå,Övertorneå,2518,65,0.07,3995,okand,,okand,,,,,
0140,Nykvarn,Nykvarn,0140,64,0.07,12384,okand,,okand,,,,,
1904,Skinnskatteberg,Skinnskatteberg,1904,64,0.07,4234,okand,,okand,,,,,
0821,Högsby,Högsby,0821,63,0.07,5134,okand,,okand,,,,,
0834,Torsås,Torsås,0834,62,0.07,6919,okand,,okand,,,,,
1443,Bollebygd,Bollebygd,1443,61,0.07,9784,okand,,okand,,,,,
1862,Degerfors,Degerfors,1862,59,0.06,9237,okand,,okand,,,,,
2409,Robertsfors,Robertsfors,2409,58,0.06,6595,okand,,okand,,,,,
2422,Sorsele,Sorsele,2422,54,0.06,2362,okand,,okand,,,,,
2463,Åsele,Åsele,2463,54,0.06,2683,okand,,okand,,,,,
1444,Grästorp,Grästorp,1444,51,0.05,5602,okand,,okand,,,,,
0512,Ydre,Ydre,0512,48,0.05,3619,okand,,okand,,,,,
2513,Överkalix,Överkalix,2513,47,0.05,3183,okand,,okand,,,,,
2403,Bjurholm,Bjurholm,2403,40,0.04,2327,okand,,okand,,,,,
2425,Dorotea,Dorotea,2425,29,0.03,2241,okand,,okand,,,,,
0136,Haninge kommun,Haninge,0136,,,101408,okand,haningekommun@haninge.se,funktionsbrevlada,,,https://www.smohf.se/,2026-08-05,"Södertörns miljö- och hälsoskyddsförbund upplöstes 2026-06-30 och kontrollen gick till kommunerna var för sig 2026-07-01. Förbundets 1 087 anläggningar 2024 fördelade sig över Haninge, Tyresö och Nynäshamn och går inte att dela upp ur rapporten. Adressen är kommunens allmänna, miljöförvaltningens egen är inte verifierad."
0138,Tyresö kommun,Tyresö,0138,,,49645,okand,kommun@tyreso.se,funktionsbrevlada,,,https://www.smohf.se/,2026-08-05,"Egen kontrollmyndighet sedan 2026-07-01, se raden för Haninge. Adressen är kommunens allmänna."
0192,Nynäshamns kommun,Nynäshamn,0192,,,30610,okand,kontaktcenter@nynashamn.se,funktionsbrevlada,,,https://www.smohf.se/,2026-08-05,"Egen kontrollmyndighet sedan 2026-07-01, se raden för Haninge. Adressen är kommunens allmänna."
