myndighet_kod,myndighet,kommuner,kommunkoder,anlaggningar,verksamhetssystem,mottagare,mottagartyp,skickat,diarienummer,paminnelse_1,paminnelse_2,svar,utfall,format,omfattning,period_fran,period_till,avgift_kr,avgift_status,fil,villkor,overklagat,anteckning
0181,"Miljönämnden i Södertälje, miljökontoret",Södertälje,0181,861,,livsmedelskontrollen@sodertalje.se,funktionsbrevlada,,,,,,utkast,,,,,,,,,,
0184,Miljö- och hälsoskyddsnämnden i Solna,Solna,0184,810,,samhallsbyggnadsforvaltningen@solna.se,funktionsbrevlada,,,,,,utkast,,,,,,,,,,
0188,Bygg- och miljönämnden i Norrtälje,Norrtälje,0188,713,,kontaktcenter@norrtalje.se,registrator,,,,,,utkast,,,,,,,,,,
0484,Räddningstjänst- och tillståndsnämnden i Eskilstuna,Eskilstuna,0484,914,,miljo@eskilstuna.se,funktionsbrevlada,,,,,,utkast,,,,,,,,,,
0780,Miljö- och byggnämnden i Växjö,Växjö,0780,747,,mbn@vaxjo.se,funktionsbrevlada,,,,,,utkast,,,,,,,,,,
0880,Samhällsbyggnadsnämnden i Kalmar,Kalmar,0880,697,,sam.byggnadskontoret@kalmar.se,funktionsbrevlada,,,,,,utkast,,,,,,,,,,
0980,"Miljö- och byggnämnden, Region Gotland",Gotland,0980,970,,livsmedel@gotland.se,funktionsbrevlada,,,,,,utkast,,,,,,,,,,
1270,Ystad-Österlenregionens miljöförbund,Tomelilla;Ystad;Simrishamn,1270;1286;1291,785,,exp@ystadosterlenmiljo.se,funktionsbrevlada,,,,,,utkast,,,,,,,,,,
1280,"Miljöförvaltningen, Malmö stad, avdelningen för livsmedelskontroll",Malmö,1280,3150,,livsmedel@malmo.se,funktionsbrevlada,,,,,,utkast,,,,,,,,,,
1281,"Samhällsbyggnadsförvaltningen, Lunds kommun",Lund,1281,1051,,samhallsbyggnad@lund.se,funktionsbrevlada,,,,,,utkast,,,,,,,,,,
1283,"Miljöförvaltningen, Helsingborgs stad",Helsingborg,1283,1509,,miljoforvaltningen@helsingborg.se,funktionsbrevlada,,,,,,utkast,,,,,,,,,,
1290,Miljö- och hälsoskyddsnämnden i Kristianstad,Kristianstad,1290,829,,kommun@kristianstad.se,funktionsbrevlada,,,,,,utkast,,,,,,,,,,
1380,"Bygg- och miljöförvaltningen, Halmstads kommun",Halmstad,1380,1066,,direkt@halmstad.se,funktionsbrevlada,,,,,,utkast,,,,,,,,,,
1383,Miljö- och hälsoskyddsnämnden i Varberg,Varberg,1383,700,,mhn@varberg.se,funktionsbrevlada,,,,,,utkast,,,,,,,,,,
1446,Miljösamverkan östra Skaraborg,Essunga;Karlsborg;Tibro;Skövde;Hjo;Falköping,1445;1446;1472;1496;1497;1499,1105,,info@miljoskaraborg.se,funktionsbrevlada,,,,,,utkast,,,,,,,,,,
1480,"Miljöförvaltningen, Göteborgs Stad",Göteborg,1480,5418,,miljoforvaltningen@miljo.goteborg.se,funktionsbrevlada,,,,,,utkast,,,,,,,,,,
1490,"Miljöförvaltningen, Borås Stad",Borås,1490,931,,miljo@boras.se,funktionsbrevlada,,,,,,utkast,,,,,,,,,,
1980,Miljö- och hälsoskyddsförvaltningen i Västerås,Västerås,1980,1094,,mhf@vasteras.se,funktionsbrevlada,,,,,,utkast,,,,,,,,,,
2281,"Miljönämnden i Sundsvall, miljökontoret",Sundsvall,2281,798,,miljonamnden@sundsvall.se,funktionsbrevlada,,,,,,utkast,,,,,,,,,,
2480,Miljö- och hälsoskyddsnämnden i Umeå,Umeå,2480,969,,miljoochhalsoskydd@umea.se,funktionsbrevlada,,,,,,utkast,,,,,,,,,,
